YearlyInt,UsageRevenue,SMSRevenue,DataRevenue,SMSTr,DataTr,DataId,VoiceMinutes,NetworkName,
2011,149318.0,14425.8,22845.2,1074530.0,1981820.0,7,984757.0,Three,
2012,141600.0,13793.6,25744.8,1119320.0,2297030.0,11,983985.0,Three,
2013,138199.0,14214.0,32082.4,869721.0,2863000.0,15,970233.0,Three,
2014,136114.0,10157.4,38874.8,667607.0,4884160.0,19,1045920.0,Three,
2015,138429.0,9416.55,36316.6,602970.0,8675180.0,23,1093470.0,Three,
2016,138249.0,7797.46,36263.6,503568.0,1.37898E7,27,1116070.0,Three,
2017,137305.0,7120.0,32864.5,433890.0,2.32821E7,31,1101390.0,Three,
2018,137873.0,6653.28,29605.0,391610.0,3.39853E7,35,1119000.0,Three,
