YearlyInt,UsageRevenue,SMSRevenue,DataRevenue,SMSTr,DataTr,DataId,VoiceMinutes,NetworkName,
2010,54672.7,16547.7,23688.5,1126370.0,1507250.0,2,1001760.0,Vodafone,
2011,158546.0,15317.3,24257.0,1140930.0,2104290.0,6,1045610.0,Vodafone,
2012,150350.0,14646.0,27335.8,1188490.0,2438980.0,10,1044790.0,Vodafone,
2013,146740.0,15092.4,34065.0,923468.0,3039930.0,14,1030190.0,Vodafone,
2014,144526.0,10785.1,41277.2,708863.0,5185960.0,18,1110550.0,Vodafone,
2015,146984.0,9998.47,38560.9,640232.0,9211290.0,22,1161040.0,Vodafone,
2016,146792.0,8279.33,38504.6,534688.0,1.46419E7,26,1185040.0,Vodafone,
2017,145790.0,7560.0,34895.4,460703.0,2.47209E7,30,1169450.0,Vodafone,
2018,146393.0,7064.44,31434.5,415811.0,3.60855E7,34,1188150.0,Vodafone,
